{
  "project_info": {
    "project_number": "135345795909",
    "firebase_url": "https://checkglish.firebaseio.com",
    "project_id": "checkglish",
    "storage_bucket": "checkglish.appspot.com"
  },
  "client": [
    {
      "client_info": {
        "mobilesdk_app_id": "1:135345795909:android:470e17d64eb98f31",
        "android_client_info": {
          "package_name": "com.example.wjddu.layout1"
        }
      },
      "oauth_client": [
        {
          "client_id": "135345795909-lqpicrq3etkpirihjg1lcksq23m6neab.apps.googleusercontent.com",
          "client_type": 1,
          "android_info": {
            "package_name": "com.example.wjddu.layout1",
            "certificate_hash": "0312bf315afb0d49f947e1788d3e0fc2d4509a95"
          }
        },
        {
          "client_id": "135345795909-q413ak0kf2ompn6f01a8k59mbfkb2pme.apps.googleusercontent.com",
          "client_type": 3
        }
      ],
      "api_key": [
        {
          "current_key": "AIzaSyDoVRswD0JMXMTZmly5qKKi-lDosX4JOUA"
        }
      ],
      "services": {
        "appinvite_service": {
          "other_platform_oauth_client": [
            {
              "client_id": "135345795909-q413ak0kf2ompn6f01a8k59mbfkb2pme.apps.googleusercontent.com",
              "client_type": 3
            }
          ]
        }
      }
    }
  ],
  "configuration_version": "1"
}